A0A0B3AEG8	A0A0B3AEG8
A0A0B3AEG8	A0A7J4I333
A0A0B3AEG8	A0A7J4LQJ9
A0A0B3APE8	A0A0B3APE8
A0A0B3APE8	A0A7J4IKZ7
A0A2D6LH85	A0A2D6LH85
A0A2D6LH85	A0A7J4IAT6
A0A2D6LHE5	A0A2D6LHE5
A0A2D6PC46	A0A2D6PC46
A0A2D6PC46	A0A2D6RK96
A0A2D6PC46	A0A2D6W4H9
A0A2D6PC46	A0A2H9PKS7
A0A2D6PC46	A0A2J6H268
A0A2D6PC46	A0A3M1FDZ6
A0A2D6PC46	A0A3M1JES9
A0A2D6PC46	A0A419FT55
A0A2D6PC46	A0A7C5HGT6
A0A2D6PC46	A0A7J4U9E0
A0A2D6PC46	A0A842UTG7
A0A2D6PC46	A0A842VAA7
A0A1J4XW79	A0A1J4XW79
A0A1J4XW79	A0A7J2I1X7
A0A7J4I6V3	A0A7J4I6V3
A0A7J4I6V3	A0A7J4I791
A0A7J4I9J5	A0A7J4I9J5
A0A7J4I3F4	A0A7J4I3F4
A0A7J4QG69	A0A7J4QG69
A0A5Q0UHZ6	A0A5Q0UHZ6
A0A5Q0UHZ6	A0A7J3XEK6
A0A5Q0UHZ6	A0A7J4J2F7
A0A7J4ID98	A0A7J4ID98
A0A0B3AQQ3	A0A0B3AQQ3
A0A0B3AQQ3	A0A7J4I5A3
A0A0B3AQQ3	A0A7J4TX64
A0A7J4I4G8	A0A7J4I4G8
A0A7J4I4G8	A0A7J4LT28
A0A7J4I4G8	A0A7J4TT91
A0A1J4XUF4	A0A1J4XUF4
A0A1J4XUF4	A0A2G9PML5
A0A1J4XUF4	A0A7J4IRQ3
A0A1J4XUF4	A0A7J4R9M5
A0A7J4INS7	A0A7J4INS7
A0A7J4INS7	A0A7J4V373
A0A7J4I014	A0A7J4I014
A0A7J2Y9L4	A0A7J2Y9L4
A0A2D6SP48	A0A2D6SP48
A0A7J4IMM1	A0A7J4IMM1
A0A7J4IMM1	A0A7J4TAH9
A0A7J4IMM1	A0A7J4V647
A0A7J4I7W9	A0A7J4I7W9
A0A7J4IBW3	A0A7J4IBW3
A0A7J4IBW3	A0A7J4V6P8
A0A0B3AR45	A0A0B3AR45
A0A0B3AR45	A0A662FLV9
A0A0B3AR45	A0A7J4I1E2
A0A7J4IEW5	A0A7J4IEW5
A0A7J4I1M7	A0A7J4I1M7
A0A7J4I0X7	A0A7J4I0X7
A0A7J4I425	A0A7J4I425
A0A7J4I5E1	A0A7J4I5E1
A0A7J4I5Q2	A0A7J4I5Q2
A0A7J4I657	A0A7J4I657
A0A7J4I6A1	A0A7J4I6A1
A0A7J4I6F7	A0A7J4I6F7
A0A7J4I6N9	A0A7J4I6N9
A0A7J4I7L4	A0A7J4I7L4
A0A7J4I926	A0A7J4I926
A0A7J4I983	A0A7J4I983
A0A7J4I9S7	A0A7J4I9S7
A0A7J4IAI2	A0A7J4IAI2
A0A7J4IB74	A0A7J4IB74
A0A7J4IK41	A0A7J4IK41
A0A7J4IKG8	A0A7J4IKG8
A0A7J4IQW1	A0A7J4IQW1
A0A7J4LUC8	A0A7J4LUC8
A0A7J4LUC8	A0A7J4I7F0
A0A7J4LUC8	A0A7J4TV51
A0A0B3ALV1	A0A0B3ALV1
A0A0B3ALV1	A0A151E7W9
A0A0B3ALV1	A0A2D6ND33
A0A0B3ALV1	A0A2G9MKP3
A0A0B3ALV1	A0A2G9MME0
A0A0B3ALV1	A0A2G9N4J6
A0A0B3ALV1	A0A3M1NH49
A0A0B3ALV1	A0A662F4A7
A0A0B3ALV1	A0A662FB52
A0A0B3ALV1	A0A662FEU5
A0A0B3ALV1	A0A7J4HU24
A0A0B3ALV1	A0A7J4I0C1
A0A0B3ALV1	A0A7J4J3L4
A0A0B3ALV1	A0A7J4MPA3
A0A0B3ALV1	A0A7J4Q9J2
A0A0B3ALV1	A0A7J4TFJ1
A0A0B3ALV1	A0A7J4TU84
A0A0B3ALV1	A0A7J4UGV3
A0A0B3ALV1	A0A842NR96
A0A0B3ALV1	A0A842UVW4
A0A0B3ALV1	A0A842W926
A0A0B3ALV1	A0A842WDS0
A0A1S6H734	A0A1S6H734
A0A1S6H734	A0A3A4ULL4
A0A1S6H734	A0A7J4L726
A0A7W1TR24	A0A7W1TR24
A0A7J4IDV1	A0A7J4IDV1
A0A256YM55	A0A256YM55
A0A256YM55	A0A7J4I7S4
